Mrs. Courtney Berger DDS,b790cff1d29056cfd7819bc7096eaa28e62b4e34
Kevin Cabrera,2363f8933a14fb03367f520b9cff1c7aef35936c
Vincent Ray,d73ae376732c9fc9720c2889cbf296b6f4ff4b56
Justin Duran,251af696b40ac8eddab9e63d2c684de44e403415
Tiffany Moore,057eb0a4d327506bff5e9e4f9468959259024528
Michael Diaz,85f8c6c5abe72ec2b6bcb3d767830e273666a4f4
Amy White,ee398c29ea4a069ecaf4aeb817c0bb911579dd9b
Jocelyn Brown,790968085e919416b7d4e3f7731b90b66063b522
Matthew Cooper,7db243b6f3282f3ca31c58ccb5d2bfa649f73724
Denise Lee,ba08fdf06b8b3de0d866284e719054234fce694f
Matthew Chang,6a22874683f6c4bc9567e9a80313db7f85b9e492
Philip Vance,d7ca1f983c0c294e2560dd9b9487e41ceec93820
Mandy Baldwin,ba815d3c106fcb7944b06d9824bfbf9dc7e17b68
Nicholas Hodge,a91a7f2429592285fab5bef688cbd368cc0ed116
Casey Liu,7b4ce57198d61e4dfd7c500431a1d94ab2b5f363
Stacy Hicks,54d1197387109352949973f0e4b4e06ac1525e71
Donna Wilcox,f077dbb27193f54e7df0c96a8989773a4babc7fa
Angela Jackson,6c5e8f9ec02457aa3296ea91bdb8a89be3bab0d6
Crystal Brown,5bf0f6c27bfb7534b062702a14e7aeb0b3fcc8ca
Amy Padilla,d126c7d1834d517730af68341e5627411bc9f0c2
Courtney Carlson,93d325f50669247d9395bb45a66cf9a818cd0f2e
Bradley Johnson,2b5cbb1481629d003f295878c557fa19f86e33af
Susan Boyd,f30483c2fbc06306b9f3ef16a96fa50bbafa2bf8
Patricia Smith,c51880e6d31310f23e0294fce93c4d1f46448487
James Oneill,b603defca81bea1a68bbfebe24d60497d2274eaf
Ricky Higgins,8a9126629922d029c6bd9b9f790f07039031174f
James Green,0bdcb03ba615b34a3e0a0feef19040a22b9d1f86
Mrs. Michelle Schneider,b796b224126303ba2672b6015b96febc4f9c1391
Joseph Burton,6dee868320b688a941e282029e50574ebe1f6614
Anthony Mcgee,03cc9f6f36eb7bdfb15a4eb7758ac1a660220bba
Pamela Lin,dbe043f156b5ad1496269ebd772e8701a53064d7
Cheryl Mckenzie,08f151957936481375320742d5b50bb910b74d66
Nicole Mcguire,f567b308d160f6f7f8f9b5da133cb1c4df3895c4
Ruth Vincent,e0252529ac97410774af28a286558cf0f481ab9a
Eric Bishop,efd8ef27648a8aa81a2c942b5ecfa542feed12bd
Luis Black,222e5d8c18c981e97b7a1d206939dc1dd34dd363
Cassandra Hardy,f526f01c07585a10aa30280ee7eb01741dbb4d98
Michael Hardy,00e96d155208e2968366f0cbbc5b9523ea64d2a5
Nicholas Reyes,67ac85392ecf487903421229398a68667c16747f
Michelle Smith,099a78813f5ae6cfc8027d75c733e85741b1069e
Tara Heath,84f241815553a4730504b08aa3b58366d31511fa
Ryan Lopez,944a22f94f4c32baa48268bb02fca5eb5bab76c4
Donald Johnson,c2125db994fd4c6b4137a0464f47ada5d0532546
Vanessa Allen,8a557b2acfdc4b0ecf4f1a034807b93b67913582
Bradley Barry,20b351f8a6cf53e65ac8b824c87ddf73558ccce1
Lisa Phillips,e80b3aad32a2f79f3b154e31551de1a8396d34c1
Alexander Medina,9ac2bb7ca6f462b4c2c507999dfe77037063bfa1
Brian Smith,9bb19cd978d1f188835b0a51c9e6a1ea542c45f6
Dawn Richards,fd90876259e9e1633ad474e35260535f36c9d98c
James George,fb3ca57c968bc6a03c11633aa6e66fc809579341
Gina Buck,1b82787d4e4ebf12b0dc3affcc309475f09fb86f
William Davis,eaae873401cb5764d875e8946b4cd08365bd7d90
Austin Fleming,12be386e696eae9cc7c845e651362cfca755d637
Javier Jones,b0bff27465d6d6b085012641cbec218293c76659
Rebecca Mason,43133fc457a2cbfc5ce70eefd9059978f949fc7e
Thomas Allen,2b49d5e2b7587acb08525f459c01939cd46957b8
Mike Walker,cdc4abe3010de33c44c8f29b03746b4c9caabbf8
Daniel Vance,dfd224da674da4a384a8fc7a96ea3661ccfc0b01
Stephanie Thomas,80db58b96478b9dcf9c9a79c7344809c47757d66
Gregory Miller,e5ed3966fc38a37ebb5dbec462522b0737f05a34
Michaela Atkinson,34642b91921a95f215ebd3b0712aaf5c7457833d
Elizabeth Delgado,a122487656fc2dd9abfd2b4931e71efa3a68e3ec
Kristopher Ball,9b5c1f69a592d47090694ba74a18778910bade64
Stacy Wright,b0fa4cf1df5e8832c7546ea53e8a20f1fecb71ec
Stanley Hopkins,e10bac0e590d15275d62ae2d11d1a3ddc0f8c4b3
Daniel Navarro,44f6f5861d4aa9e789f6c15cd2847f07213259cb
Benjamin Thompson,029c5d65673320c8f026f5ad1e3233afab88e937
Jimmy Lopez,4d640c0ad715e4733e411b227b574f4825b606ce
Lindsey Copeland,4aab15c2cfb19821afc7f0f426c2ba9112c04385
Ashley Castro,73d8fb63df20d28e29631822c8e1d5ddc0797553
Patricia Thompson,08556cc952c74eead07145fc4473dd7511d31b8f
John Cook,a3b25412966c5e1393588c8c7d7532fc1c8c84e5
Angel King,df4375368471db12ab0884087cb37d7e8786d7d0
Wendy Cabrera,531587ab2b8c3be36c0d6d6c16328e15ebbfdbc3
Jason Maxwell,70b1d7817f8fa7773dcde3d6620350c0a55e9803
Brianna Coleman,ce143cbe8ea8780d6a2189b85f99d8a38d6b22e9
Katelyn Oconnor,9c3fc4f4c3a107c663a2209fc75d21228e420216
Nichole Long,0cc5ba4795c6ec224147beb1dc3c816119b9ce9f
Christopher West,b861b4b1054a29f1d8de63e9bb7b7a51a3da6e98
Hannah Davila,c1281f7f9418e63de40ed38068e1d0359d0f4b41
Chloe Martinez,73cdfd9832990b8c9c64be1ea6eb615ecb691c41
Benjamin Norman,255a73335364d7e4956836c647ee28b56ca88f9a
Angela Garza,b92a7b228d04b607cf98ac4039979cef5d3cf4e6
Daniel Velazquez,102f3238b5043f86159d09909e9de66f9bcd98ba
Brittney Anderson,6e681b881f6cb5d5d2eae545c6586df95e65fa33
Theresa King,0eeea0ab0fe3b74311c90b58406cb67cf6144f0c
Kenneth Trujillo,c512e7c09ff45dbeaf4d7923475303fa7b0b6676
Adam Ellis,cf1f8cba44306140e267db7f45fd9f38d3ab188e
William Johnson,7c6cad3e6233c27ecc739c3822b8cc6870555fcc
Jennifer Holmes,d711517a143104d1d8b507ec177dba89471fc162
Megan Best,5438e1cfb7036550d115388e2eff17306fa75454
Christine Burke,0e464027467ed414793dfb6bc222c61d28cc7e25
Lisa Young,eaf6881e074145c25872317d67da212e1251e083
Taylor Cox,8e024a6b9ba9b95139cfb7acff8c2ad1cf72f9a7
postgres,4b41b3be5ec03db3d3115070402cbb91dfa4fcb2
Joseph Coleman,f3fd483e2160e66203d7f0cace4c4dccbffafab5